match_id,date,season,venue,city,stage,toss_winner,toss_decision,match_won_by,player_of_match,win_outcome,result_type,method,team1,team2,innings1_score,innings2_score,win_type,toss_match_same_winner
1304047,2022-03-26,2022,"Wankhede Stadium, Mumbai",Mumbai,Unknown,Kolkata Knight Riders,field,Kolkata Knight Riders,UT Yadav,6 wickets,,,Chennai Super Kings,Kolkata Knight Riders,131.0,133.0,Chased,Yes
1304048,2022-03-27,2022,"Brabourne Stadium, Mumbai",Mumbai,Unknown,Delhi Capitals,field,Delhi Capitals,Kuldeep Yadav,4 wickets,,,Mumbai Indians,Delhi Capitals,177.0,179.0,Chased,Yes
1304049,2022-03-27,2022,"Dr DY Patil Sports Academy, Mumbai",Mumbai,Unknown,Punjab Kings,field,Punjab Kings,OF Smith,5 wickets,,,Royal Challengers Bengaluru,Punjab Kings,205.0,208.0,Chased,Yes
1304050,2022-03-28,2022,"Wankhede Stadium, Mumbai",Mumbai,Unknown,Gujarat Titans,field,Gujarat Titans,Mohammed Shami,5 wickets,,,Lucknow Super Giants,Gujarat Titans,158.0,161.0,Chased,Yes
1304051,2022-03-29,2022,"Maharashtra Cricket Association Stadium, Pune",Pune,Unknown,Sunrisers Hyderabad,field,Rajasthan Royals,SV Samson,61 runs,,,Rajasthan Royals,Sunrisers Hyderabad,210.0,149.0,Defended,No
1304052,2022-03-30,2022,"Dr DY Patil Sports Academy, Mumbai",Mumbai,Unknown,Royal Challengers Bengaluru,field,Royal Challengers Bengaluru,PWH de Silva,3 wickets,,,Kolkata Knight Riders,Royal Challengers Bengaluru,128.0,132.0,Chased,Yes
1304053,2022-03-31,2022,"Brabourne Stadium, Mumbai",Mumbai,Unknown,Lucknow Super Giants,field,Lucknow Super Giants,E Lewis,6 wickets,,,Chennai Super Kings,Lucknow Super Giants,210.0,211.0,Chased,Yes
1304054,2022-04-01,2022,"Wankhede Stadium, Mumbai",Mumbai,Unknown,Kolkata Knight Riders,field,Kolkata Knight Riders,UT Yadav,6 wickets,,,Punjab Kings,Kolkata Knight Riders,137.0,141.0,Chased,Yes
1304055,2022-04-02,2022,"Dr DY Patil Sports Academy, Mumbai",Mumbai,Unknown,Mumbai Indians,field,Rajasthan Royals,JC Buttler,23 runs,,,Rajasthan Royals,Mumbai Indians,193.0,170.0,Defended,No
1304056,2022-04-02,2022,"Maharashtra Cricket Association Stadium, Pune",Pune,Unknown,Delhi Capitals,field,Gujarat Titans,LH Ferguson,14 runs,,,Gujarat Titans,Delhi Capitals,171.0,157.0,Defended,No
1304057,2022-04-03,2022,"Brabourne Stadium, Mumbai",Mumbai,Unknown,Chennai Super Kings,field,Punjab Kings,LS Livingstone,54 runs,,,Punjab Kings,Chennai Super Kings,180.0,126.0,Defended,No
1304058,2022-04-04,2022,"Dr DY Patil Sports Academy, Mumbai",Mumbai,Unknown,Sunrisers Hyderabad,field,Lucknow Super Giants,Avesh Khan,12 runs,,,Lucknow Super Giants,Sunrisers Hyderabad,169.0,157.0,Defended,No
1304059,2022-04-05,2022,"Wankhede Stadium, Mumbai",Mumbai,Unknown,Royal Challengers Bengaluru,field,Royal Challengers Bengaluru,KD Karthik,4 wickets,,,Rajasthan Royals,Royal Challengers Bengaluru,169.0,173.0,Chased,Yes
1304060,2022-04-06,2022,"Maharashtra Cricket Association Stadium, Pune",Pune,Unknown,Kolkata Knight Riders,field,Kolkata Knight Riders,PJ Cummins,5 wickets,,,Mumbai Indians,Kolkata Knight Riders,161.0,162.0,Chased,Yes
1304061,2022-04-07,2022,"Dr DY Patil Sports Academy, Mumbai",Mumbai,Unknown,Lucknow Super Giants,field,Lucknow Super Giants,Q de Kock,6 wickets,,,Delhi Capitals,Lucknow Super Giants,149.0,155.0,Chased,Yes
1304062,2022-04-08,2022,"Brabourne Stadium, Mumbai",Mumbai,Unknown,Gujarat Titans,field,Gujarat Titans,Shubman Gill,6 wickets,,,Punjab Kings,Gujarat Titans,189.0,190.0,Chased,Yes
1304063,2022-04-09,2022,"Dr DY Patil Sports Academy, Mumbai",Mumbai,Unknown,Sunrisers Hyderabad,field,Sunrisers Hyderabad,Abhishek Sharma,8 wickets,,,Chennai Super Kings,Sunrisers Hyderabad,154.0,155.0,Chased,Yes
1304064,2022-04-09,2022,"Maharashtra Cricket Association Stadium, Pune",Pune,Unknown,Royal Challengers Bengaluru,field,Royal Challengers Bengaluru,Anuj Rawat,7 wickets,,,Mumbai Indians,Royal Challengers Bengaluru,151.0,152.0,Chased,Yes
1304065,2022-04-10,2022,"Brabourne Stadium, Mumbai",Mumbai,Unknown,Kolkata Knight Riders,field,Delhi Capitals,Kuldeep Yadav,44 runs,,,Delhi Capitals,Kolkata Knight Riders,215.0,171.0,Defended,No
1304066,2022-04-10,2022,"Wankhede Stadium, Mumbai",Mumbai,Unknown,Lucknow Super Giants,field,Rajasthan Royals,YS Chahal,3 runs,,,Rajasthan Royals,Lucknow Super Giants,165.0,162.0,Defended,No
1304067,2022-04-11,2022,"Dr DY Patil Sports Academy, Mumbai",Mumbai,Unknown,Sunrisers Hyderabad,field,Sunrisers Hyderabad,KS Williamson,8 wickets,,,Gujarat Titans,Sunrisers Hyderabad,162.0,168.0,Chased,Yes
1304068,2022-04-12,2022,"Dr DY Patil Sports Academy, Mumbai",Mumbai,Unknown,Royal Challengers Bengaluru,field,Chennai Super Kings,S Dube,23 runs,,,Chennai Super Kings,Royal Challengers Bengaluru,216.0,193.0,Defended,No
1304069,2022-04-13,2022,"Maharashtra Cricket Association Stadium, Pune",Pune,Unknown,Mumbai Indians,field,Punjab Kings,MA Agarwal,12 runs,,,Punjab Kings,Mumbai Indians,198.0,186.0,Defended,No
1304070,2022-04-14,2022,"Dr DY Patil Sports Academy, Mumbai",Mumbai,Unknown,Rajasthan Royals,field,Gujarat Titans,HH Pandya,37 runs,,,Gujarat Titans,Rajasthan Royals,192.0,155.0,Defended,No
1304071,2022-04-15,2022,"Brabourne Stadium, Mumbai",Mumbai,Unknown,Sunrisers Hyderabad,field,Sunrisers Hyderabad,RA Tripathi,7 wickets,,,Kolkata Knight Riders,Sunrisers Hyderabad,175.0,176.0,Chased,Yes
1304072,2022-04-16,2022,"Brabourne Stadium, Mumbai",Mumbai,Unknown,Mumbai Indians,field,Lucknow Super Giants,KL Rahul,18 runs,,,Lucknow Super Giants,Mumbai Indians,199.0,181.0,Defended,No
1304073,2022-04-16,2022,"Wankhede Stadium, Mumbai",Mumbai,Unknown,Delhi Capitals,field,Royal Challengers Bengaluru,KD Karthik,16 runs,,,Royal Challengers Bengaluru,Delhi Capitals,189.0,173.0,Defended,No
1304074,2022-04-17,2022,"Dr DY Patil Sports Academy, Mumbai",Mumbai,Unknown,Sunrisers Hyderabad,field,Sunrisers Hyderabad,Umran Malik,7 wickets,,,Punjab Kings,Sunrisers Hyderabad,151.0,152.0,Chased,Yes
1304075,2022-04-17,2022,"Maharashtra Cricket Association Stadium, Pune",Pune,Unknown,Gujarat Titans,field,Gujarat Titans,DA Miller,3 wickets,,,Chennai Super Kings,Gujarat Titans,169.0,170.0,Chased,Yes
1304076,2022-04-18,2022,"Brabourne Stadium, Mumbai",Mumbai,Unknown,Kolkata Knight Riders,field,Rajasthan Royals,YS Chahal,7 runs,,,Rajasthan Royals,Kolkata Knight Riders,217.0,210.0,Defended,No
1304077,2022-04-19,2022,"Dr DY Patil Sports Academy, Mumbai",Mumbai,Unknown,Lucknow Super Giants,field,Royal Challengers Bengaluru,F du Plessis,18 runs,,,Royal Challengers Bengaluru,Lucknow Super Giants,181.0,163.0,Defended,No
1304078,2022-04-20,2022,"Brabourne Stadium, Mumbai",Mumbai,Unknown,Delhi Capitals,field,Delhi Capitals,Kuldeep Yadav,9 wickets,,,Punjab Kings,Delhi Capitals,115.0,119.0,Chased,Yes
1304079,2022-04-21,2022,"Dr DY Patil Sports Academy, Mumbai",Navi Mumbai,Unknown,Chennai Super Kings,field,Chennai Super Kings,Mukesh Choudhary,3 wickets,,,Mumbai Indians,Chennai Super Kings,155.0,156.0,Chased,Yes
1304080,2022-04-22,2022,"Wankhede Stadium, Mumbai",Mumbai,Unknown,Delhi Capitals,field,Rajasthan Royals,JC Buttler,15 runs,,,Rajasthan Royals,Delhi Capitals,222.0,207.0,Defended,No
1304081,2022-04-23,2022,"Dr DY Patil Sports Academy, Mumbai",Navi Mumbai,Unknown,Gujarat Titans,bat,Gujarat Titans,Rashid Khan,8 runs,,,Gujarat Titans,Kolkata Knight Riders,156.0,148.0,Defended,Yes
1304082,2022-04-23,2022,"Brabourne Stadium, Mumbai",Mumbai,Unknown,Sunrisers Hyderabad,field,Sunrisers Hyderabad,M Jansen,9 wickets,,,Royal Challengers Bengaluru,Sunrisers Hyderabad,68.0,72.0,Chased,Yes
1304083,2022-04-24,2022,"Wankhede Stadium, Mumbai",Mumbai,Unknown,Mumbai Indians,field,Lucknow Super Giants,KL Rahul,36 runs,,,Lucknow Super Giants,Mumbai Indians,168.0,132.0,Defended,No
1304084,2022-04-25,2022,"Wankhede Stadium, Mumbai",Mumbai,Unknown,Chennai Super Kings,field,Punjab Kings,S Dhawan,11 runs,,,Punjab Kings,Chennai Super Kings,187.0,176.0,Defended,No
1304085,2022-04-26,2022,"Maharashtra Cricket Association Stadium, Pune",Pune,Unknown,Royal Challengers Bengaluru,field,Rajasthan Royals,R Parag,29 runs,,,Rajasthan Royals,Royal Challengers Bengaluru,144.0,115.0,Defended,No
1304086,2022-04-27,2022,"Wankhede Stadium, Mumbai",Mumbai,Unknown,Gujarat Titans,field,Gujarat Titans,Umran Malik,5 wickets,,,Sunrisers Hyderabad,Gujarat Titans,195.0,199.0,Chased,Yes
1304087,2022-04-28,2022,"Wankhede Stadium, Mumbai",Mumbai,Unknown,Delhi Capitals,field,Delhi Capitals,Kuldeep Yadav,4 wickets,,,Kolkata Knight Riders,Delhi Capitals,146.0,150.0,Chased,Yes
1304088,2022-04-29,2022,"Maharashtra Cricket Association Stadium, Pune",Pune,Unknown,Punjab Kings,field,Lucknow Super Giants,KH Pandya,20 runs,,,Lucknow Super Giants,Punjab Kings,153.0,133.0,Defended,No
1304089,2022-04-30,2022,"Brabourne Stadium, Mumbai",Mumbai,Unknown,Royal Challengers Bengaluru,bat,Gujarat Titans,R Tewatia,6 wickets,,,Royal Challengers Bengaluru,Gujarat Titans,170.0,174.0,Chased,No
1304090,2022-04-30,2022,"Dr DY Patil Sports Academy, Mumbai",Navi Mumbai,Unknown,Mumbai Indians,field,Mumbai Indians,SA Yadav,5 wickets,,,Rajasthan Royals,Mumbai Indians,158.0,161.0,Chased,Yes
1304091,2022-05-01,2022,"Wankhede Stadium, Mumbai",Mumbai,Unknown,Lucknow Super Giants,bat,Lucknow Super Giants,Mohsin Khan,6 runs,,,Lucknow Super Giants,Delhi Capitals,195.0,189.0,Defended,Yes
1304092,2022-05-01,2022,"Maharashtra Cricket Association Stadium, Pune",Pune,Unknown,Sunrisers Hyderabad,field,Chennai Super Kings,RD Gaikwad,13 runs,,,Chennai Super Kings,Sunrisers Hyderabad,202.0,189.0,Defended,No
1304093,2022-05-02,2022,"Wankhede Stadium, Mumbai",Mumbai,Unknown,Kolkata Knight Riders,field,Kolkata Knight Riders,RK Singh,7 wickets,,,Rajasthan Royals,Kolkata Knight Riders,152.0,158.0,Chased,Yes
1304094,2022-05-03,2022,"Dr DY Patil Sports Academy, Mumbai",Navi Mumbai,Unknown,Gujarat Titans,bat,Punjab Kings,K Rabada,8 wickets,,,Gujarat Titans,Punjab Kings,143.0,145.0,Chased,No
1304095,2022-05-04,2022,"Maharashtra Cricket Association Stadium, Pune",Pune,Unknown,Chennai Super Kings,field,Royal Challengers Bengaluru,HV Patel,13 runs,,,Royal Challengers Bengaluru,Chennai Super Kings,173.0,160.0,Defended,No
1304096,2022-05-05,2022,"Brabourne Stadium, Mumbai",Mumbai,Unknown,Sunrisers Hyderabad,field,Delhi Capitals,DA Warner,21 runs,,,Delhi Capitals,Sunrisers Hyderabad,207.0,186.0,Defended,No
1304097,2022-05-06,2022,"Brabourne Stadium, Mumbai",Mumbai,Unknown,Gujarat Titans,field,Mumbai Indians,TH David,5 runs,,,Mumbai Indians,Gujarat Titans,177.0,172.0,Defended,No
1304098,2022-05-07,2022,"Wankhede Stadium, Mumbai",Mumbai,Unknown,Punjab Kings,bat,Rajasthan Royals,YBK Jaiswal,6 wickets,,,Punjab Kings,Rajasthan Royals,189.0,190.0,Chased,No
1304099,2022-05-07,2022,"Maharashtra Cricket Association Stadium, Pune",Pune,Unknown,Kolkata Knight Riders,field,Lucknow Super Giants,Avesh Khan,75 runs,,,Lucknow Super Giants,Kolkata Knight Riders,176.0,101.0,Defended,No
1304100,2022-05-08,2022,"Wankhede Stadium, Mumbai",Mumbai,Unknown,Royal Challengers Bengaluru,bat,Royal Challengers Bengaluru,PWH de Silva,67 runs,,,Royal Challengers Bengaluru,Sunrisers Hyderabad,192.0,125.0,Defended,Yes
1304101,2022-05-08,2022,"Dr DY Patil Sports Academy, Mumbai",Navi Mumbai,Unknown,Delhi Capitals,field,Chennai Super Kings,DP Conway,91 runs,,,Chennai Super Kings,Delhi Capitals,208.0,117.0,Defended,No
1304102,2022-05-09,2022,"Dr DY Patil Sports Academy, Mumbai",Navi Mumbai,Unknown,Mumbai Indians,field,Kolkata Knight Riders,JJ Bumrah,52 runs,,,Kolkata Knight Riders,Mumbai Indians,165.0,113.0,Defended,No
1304103,2022-05-10,2022,"Maharashtra Cricket Association Stadium, Pune",Pune,Unknown,Gujarat Titans,bat,Gujarat Titans,Shubman Gill,62 runs,,,Gujarat Titans,Lucknow Super Giants,144.0,82.0,Defended,Yes
1304104,2022-05-11,2022,"Dr DY Patil Sports Academy, Mumbai",Navi Mumbai,Unknown,Delhi Capitals,field,Delhi Capitals,MR Marsh,8 wickets,,,Rajasthan Royals,Delhi Capitals,160.0,161.0,Chased,Yes
1304105,2022-05-12,2022,"Wankhede Stadium, Mumbai",Mumbai,Unknown,Mumbai Indians,field,Mumbai Indians,DR Sams,5 wickets,,,Chennai Super Kings,Mumbai Indians,97.0,103.0,Chased,Yes
1304106,2022-05-13,2022,"Brabourne Stadium, Mumbai",Mumbai,Unknown,Royal Challengers Bengaluru,field,Punjab Kings,JM Bairstow,54 runs,,,Punjab Kings,Royal Challengers Bengaluru,209.0,155.0,Defended,No
1304107,2022-05-14,2022,"Maharashtra Cricket Association Stadium, Pune",Pune,Unknown,Kolkata Knight Riders,bat,Kolkata Knight Riders,AD Russell,54 runs,,,Kolkata Knight Riders,Sunrisers Hyderabad,177.0,123.0,Defended,Yes
1304108,2022-05-15,2022,"Wankhede Stadium, Mumbai",Mumbai,Unknown,Chennai Super Kings,bat,Gujarat Titans,WP Saha,7 wickets,,,Chennai Super Kings,Gujarat Titans,133.0,137.0,Chased,No
1304109,2022-05-15,2022,"Brabourne Stadium, Mumbai",Mumbai,Unknown,Rajasthan Royals,bat,Rajasthan Royals,TA Boult,24 runs,,,Rajasthan Royals,Lucknow Super Giants,178.0,154.0,Defended,Yes
1304110,2022-05-16,2022,"Dr DY Patil Sports Academy, Mumbai",Navi Mumbai,Unknown,Punjab Kings,field,Delhi Capitals,SN Thakur,17 runs,,,Delhi Capitals,Punjab Kings,159.0,142.0,Defended,No
1304111,2022-05-17,2022,"Wankhede Stadium, Mumbai",Mumbai,Unknown,Mumbai Indians,field,Sunrisers Hyderabad,RA Tripathi,3 runs,,,Sunrisers Hyderabad,Mumbai Indians,193.0,190.0,Defended,No
1304112,2022-05-18,2022,"Dr DY Patil Sports Academy, Mumbai",Navi Mumbai,Unknown,Lucknow Super Giants,bat,Lucknow Super Giants,Q de Kock,2 runs,,,Lucknow Super Giants,Kolkata Knight Riders,210.0,208.0,Defended,Yes
1304113,2022-05-19,2022,"Wankhede Stadium, Mumbai",Mumbai,Unknown,Gujarat Titans,bat,Royal Challengers Bengaluru,V Kohli,8 wickets,,,Gujarat Titans,Royal Challengers Bengaluru,168.0,170.0,Chased,No
1304114,2022-05-20,2022,"Brabourne Stadium, Mumbai",Mumbai,Unknown,Chennai Super Kings,bat,Rajasthan Royals,R Ashwin,5 wickets,,,Chennai Super Kings,Rajasthan Royals,150.0,151.0,Chased,No
1304115,2022-05-21,2022,"Wankhede Stadium, Mumbai",Mumbai,Unknown,Mumbai Indians,field,Mumbai Indians,JJ Bumrah,5 wickets,,,Delhi Capitals,Mumbai Indians,159.0,160.0,Chased,Yes
1304116,2022-05-22,2022,"Wankhede Stadium, Mumbai",Mumbai,Unknown,Sunrisers Hyderabad,bat,Punjab Kings,Harpreet Brar,5 wickets,,,Sunrisers Hyderabad,Punjab Kings,157.0,160.0,Chased,No
1312197,2022-05-24,2022,"Eden Gardens, Kolkata",Kolkata,Qualifier 1,Gujarat Titans,field,Gujarat Titans,DA Miller,7 wickets,,,Rajasthan Royals,Gujarat Titans,188.0,191.0,Chased,Yes
1312198,2022-05-25,2022,"Eden Gardens, Kolkata",Kolkata,Eliminator,Lucknow Super Giants,field,Royal Challengers Bengaluru,RM Patidar,14 runs,,,Royal Challengers Bengaluru,Lucknow Super Giants,207.0,193.0,Defended,No
1312199,2022-05-27,2022,"Narendra Modi Stadium, Ahmedabad",Ahmedabad,Qualifier 2,Rajasthan Royals,field,Rajasthan Royals,JC Buttler,7 wickets,,,Royal Challengers Bengaluru,Rajasthan Royals,157.0,161.0,Chased,Yes
1312200,2022-05-29,2022,"Narendra Modi Stadium, Ahmedabad",Ahmedabad,Final,Rajasthan Royals,bat,Gujarat Titans,HH Pandya,7 wickets,,,Rajasthan Royals,Gujarat Titans,130.0,133.0,Chased,No
1359475,2023-03-31,2023,"Narendra Modi Stadium, Ahmedabad",Ahmedabad,Unknown,Gujarat Titans,field,Gujarat Titans,Rashid Khan,5 wickets,,,Chennai Super Kings,Gujarat Titans,178.0,182.0,Chased,Yes
1359476,2023-04-01,2023,"Punjab Cricket Association IS Bindra Stadium, Mohali, Chandigarh",Chandigarh,Unknown,Kolkata Knight Riders,field,Punjab Kings,Arshdeep Singh,7 runs,,D/L,Punjab Kings,Kolkata Knight Riders,191.0,146.0,Defended,No
1359477,2023-04-01,2023,"Bharat Ratna Shri Atal Bihari Vajpayee Ekana Cricket Stadium, Lucknow",Lucknow,Unknown,Delhi Capitals,field,Lucknow Super Giants,MA Wood,50 runs,,,Lucknow Super Giants,Delhi Capitals,193.0,143.0,Defended,No
1359478,2023-04-02,2023,"Rajiv Gandhi International Stadium, Uppal, Hyderabad",Hyderabad,Unknown,Sunrisers Hyderabad,field,Rajasthan Royals,JC Buttler,72 runs,,,Rajasthan Royals,Sunrisers Hyderabad,203.0,131.0,Defended,No
1359479,2023-04-02,2023,"M Chinnaswamy Stadium, Bengaluru",Bengaluru,Unknown,Royal Challengers Bengaluru,field,Royal Challengers Bengaluru,F du Plessis,8 wickets,,,Mumbai Indians,Royal Challengers Bengaluru,171.0,172.0,Chased,Yes
1359480,2023-04-03,2023,"MA Chidambaram Stadium, Chepauk, Chennai",Chennai,Unknown,Lucknow Super Giants,field,Chennai Super Kings,MM Ali,12 runs,,,Chennai Super Kings,Lucknow Super Giants,217.0,205.0,Defended,No
1359481,2023-04-04,2023,"Arun Jaitley Stadium, Delhi",Delhi,Unknown,Gujarat Titans,field,Gujarat Titans,B Sai Sudharsan,6 wickets,,,Delhi Capitals,Gujarat Titans,162.0,163.0,Chased,Yes
1359482,2023-04-05,2023,"Barsapara Cricket Stadium, Guwahati",Guwahati,Unknown,Rajasthan Royals,field,Punjab Kings,NT Ellis,5 runs,,,Punjab Kings,Rajasthan Royals,197.0,192.0,Defended,No
1359483,2023-04-06,2023,"Eden Gardens, Kolkata",Kolkata,Unknown,Royal Challengers Bengaluru,field,Kolkata Knight Riders,SN Thakur,81 runs,,,Kolkata Knight Riders,Royal Challengers Bengaluru,204.0,123.0,Defended,No
1359484,2023-04-07,2023,"Bharat Ratna Shri Atal Bihari Vajpayee Ekana Cricket Stadium, Lucknow",Lucknow,Unknown,Sunrisers Hyderabad,bat,Lucknow Super Giants,KH Pandya,5 wickets,,,Sunrisers Hyderabad,Lucknow Super Giants,121.0,127.0,Chased,No
1359485,2023-04-08,2023,"Barsapara Cricket Stadium, Guwahati",Guwahati,Unknown,Delhi Capitals,field,Rajasthan Royals,YBK Jaiswal,57 runs,,,Rajasthan Royals,Delhi Capitals,199.0,142.0,Defended,No
1359486,2023-04-08,2023,"Wankhede Stadium, Mumbai",Mumbai,Unknown,Chennai Super Kings,field,Chennai Super Kings,RA Jadeja,7 wickets,,,Mumbai Indians,Chennai Super Kings,157.0,159.0,Chased,Yes
1359487,2023-04-09,2023,"Narendra Modi Stadium, Ahmedabad",Ahmedabad,Unknown,Gujarat Titans,bat,Kolkata Knight Riders,RK Singh,3 wickets,,,Gujarat Titans,Kolkata Knight Riders,204.0,207.0,Chased,No
1359488,2023-04-09,2023,"Rajiv Gandhi International Stadium, Uppal, Hyderabad",Hyderabad,Unknown,Sunrisers Hyderabad,field,Sunrisers Hyderabad,S Dhawan,8 wickets,,,Punjab Kings,Sunrisers Hyderabad,143.0,145.0,Chased,Yes
1359489,2023-04-10,2023,"M Chinnaswamy Stadium, Bengaluru",Bengaluru,Unknown,Lucknow Super Giants,field,Lucknow Super Giants,N Pooran,1 wickets,,,Royal Challengers Bengaluru,Lucknow Super Giants,212.0,213.0,Chased,Yes
1359490,2023-04-11,2023,"Arun Jaitley Stadium, Delhi",Delhi,Unknown,Mumbai Indians,field,Mumbai Indians,RG Sharma,6 wickets,,,Delhi Capitals,Mumbai Indians,172.0,173.0,Chased,Yes
1359491,2023-04-12,2023,"MA Chidambaram Stadium, Chepauk, Chennai",Chennai,Unknown,Chennai Super Kings,field,Rajasthan Royals,R Ashwin,3 runs,,,Rajasthan Royals,Chennai Super Kings,175.0,172.0,Defended,No
1359492,2023-04-13,2023,"Punjab Cricket Association IS Bindra Stadium, Mohali, Chandigarh",Chandigarh,Unknown,Gujarat Titans,field,Gujarat Titans,MM Sharma,6 wickets,,,Punjab Kings,Gujarat Titans,153.0,154.0,Chased,Yes
1359493,2023-04-14,2023,"Eden Gardens, Kolkata",Kolkata,Unknown,Kolkata Knight Riders,field,Sunrisers Hyderabad,HC Brook,23 runs,,,Sunrisers Hyderabad,Kolkata Knight Riders,228.0,205.0,Defended,No
1359494,2023-04-15,2023,"M Chinnaswamy Stadium, Bengaluru",Bengaluru,Unknown,Delhi Capitals,field,Royal Challengers Bengaluru,V Kohli,23 runs,,,Royal Challengers Bengaluru,Delhi Capitals,174.0,151.0,Defended,No
1359495,2023-04-15,2023,"Bharat Ratna Shri Atal Bihari Vajpayee Ekana Cricket Stadium, Lucknow",Lucknow,Unknown,Punjab Kings,field,Punjab Kings,Sikandar Raza,2 wickets,,,Lucknow Super Giants,Punjab Kings,159.0,161.0,Chased,Yes
1359496,2023-04-16,2023,"Wankhede Stadium, Mumbai",Mumbai,Unknown,Mumbai Indians,field,Mumbai Indians,VR Iyer,5 wickets,,,Kolkata Knight Riders,Mumbai Indians,185.0,186.0,Chased,Yes
1359497,2023-04-16,2023,"Narendra Modi Stadium, Ahmedabad",Ahmedabad,Unknown,Rajasthan Royals,field,Rajasthan Royals,SO Hetmyer,3 wickets,,,Gujarat Titans,Rajasthan Royals,177.0,179.0,Chased,Yes
1359498,2023-04-17,2023,"M Chinnaswamy Stadium, Bengaluru",Bengaluru,Unknown,Royal Challengers Bengaluru,field,Chennai Super Kings,DP Conway,8 runs,,,Chennai Super Kings,Royal Challengers Bengaluru,226.0,218.0,Defended,No
1359499,2023-04-18,2023,"Rajiv Gandhi International Stadium, Uppal, Hyderabad",Hyderabad,Unknown,Sunrisers Hyderabad,field,Mumbai Indians,C Green,14 runs,,,Mumbai Indians,Sunrisers Hyderabad,192.0,178.0,Defended,No
1359500,2023-04-19,2023,"Sawai Mansingh Stadium, Jaipur",Jaipur,Unknown,Rajasthan Royals,field,Lucknow Super Giants,MP Stoinis,10 runs,,,Lucknow Super Giants,Rajasthan Royals,154.0,144.0,Defended,No
1359501,2023-04-20,2023,"Punjab Cricket Association IS Bindra Stadium, Mohali, Chandigarh",Chandigarh,Unknown,Punjab Kings,field,Royal Challengers Bengaluru,Mohammed Siraj,24 runs,,,Royal Challengers Bengaluru,Punjab Kings,174.0,150.0,Defended,No
1359502,2023-04-20,2023,"Arun Jaitley Stadium, Delhi",Delhi,Unknown,Delhi Capitals,field,Delhi Capitals,I Sharma,4 wickets,,,Kolkata Knight Riders,Delhi Capitals,127.0,128.0,Chased,Yes
1359503,2023-04-21,2023,"MA Chidambaram Stadium, Chepauk, Chennai",Chennai,Unknown,Chennai Super Kings,field,Chennai Super Kings,RA Jadeja,7 wickets,,,Sunrisers Hyderabad,Chennai Super Kings,134.0,138.0,Chased,Yes
1359504,2023-04-22,2023,"Bharat Ratna Shri Atal Bihari Vajpayee Ekana Cricket Stadium, Lucknow",Lucknow,Unknown,Gujarat Titans,bat,Gujarat Titans,MM Sharma,7 runs,,,Gujarat Titans,Lucknow Super Giants,135.0,128.0,Defended,Yes
1359505,2023-04-22,2023,"Wankhede Stadium, Mumbai",Mumbai,Unknown,Mumbai Indians,field,Punjab Kings,SM Curran,13 runs,,,Punjab Kings,Mumbai Indians,214.0,201.0,Defended,No
1359506,2023-04-23,2023,"M Chinnaswamy Stadium, Bengaluru",Bengaluru,Unknown,Rajasthan Royals,field,Royal Challengers Bengaluru,GJ Maxwell,7 runs,,,Royal Challengers Bengaluru,Rajasthan Royals,189.0,182.0,Defended,No
1359507,2023-04-23,2023,"Eden Gardens, Kolkata",Kolkata,Unknown,Kolkata Knight Riders,field,Chennai Super Kings,AM Rahane,49 runs,,,Chennai Super Kings,Kolkata Knight Riders,235.0,186.0,Defended,No
1359508,2023-04-24,2023,"Rajiv Gandhi International Stadium, Uppal, Hyderabad",Hyderabad,Unknown,Delhi Capitals,bat,Delhi Capitals,AR Patel,7 runs,,,Delhi Capitals,Sunrisers Hyderabad,144.0,137.0,Defended,Yes
1359509,2023-04-25,2023,"Narendra Modi Stadium, Ahmedabad",Ahmedabad,Unknown,Mumbai Indians,field,Gujarat Titans,A Manohar,55 runs,,,Gujarat Titans,Mumbai Indians,207.0,152.0,Defended,No
1359510,2023-04-26,2023,"M Chinnaswamy Stadium, Bengaluru",Bengaluru,Unknown,Royal Challengers Bengaluru,field,Kolkata Knight Riders,CV Varun,21 runs,,,Kolkata Knight Riders,Royal Challengers Bengaluru,200.0,179.0,Defended,No
1359511,2023-04-27,2023,"Sawai Mansingh Stadium, Jaipur",Jaipur,Unknown,Rajasthan Royals,bat,Rajasthan Royals,YBK Jaiswal,32 runs,,,Rajasthan Royals,Chennai Super Kings,202.0,170.0,Defended,Yes
1359512,2023-04-28,2023,"Punjab Cricket Association IS Bindra Stadium, Mohali, Chandigarh",Chandigarh,Unknown,Punjab Kings,field,Lucknow Super Giants,MP Stoinis,56 runs,,,Lucknow Super Giants,Punjab Kings,257.0,201.0,Defended,No
1359513,2023-04-29,2023,"Eden Gardens, Kolkata",Kolkata,Unknown,Gujarat Titans,field,Gujarat Titans,J Little,7 wickets,,,Kolkata Knight Riders,Gujarat Titans,179.0,180.0,Chased,Yes
1359514,2023-04-29,2023,"Arun Jaitley Stadium, Delhi",Delhi,Unknown,Sunrisers Hyderabad,bat,Sunrisers Hyderabad,MR Marsh,9 runs,,,Sunrisers Hyderabad,Delhi Capitals,197.0,188.0,Defended,Yes
1359515,2023-04-30,2023,"MA Chidambaram Stadium, Chepauk, Chennai",Chennai,Unknown,Chennai Super Kings,bat,Punjab Kings,DP Conway,4 wickets,,,Chennai Super Kings,Punjab Kings,200.0,201.0,Chased,No
1359516,2023-04-30,2023,"Wankhede Stadium, Mumbai",Mumbai,Unknown,Rajasthan Royals,bat,Mumbai Indians,YBK Jaiswal,6 wickets,,,Rajasthan Royals,Mumbai Indians,212.0,214.0,Chased,No
1359517,2023-05-01,2023,"Bharat Ratna Shri Atal Bihari Vajpayee Ekana Cricket Stadium, Lucknow",Lucknow,Unknown,Royal Challengers Bengaluru,bat,Royal Challengers Bengaluru,F du Plessis,18 runs,,,Royal Challengers Bengaluru,Lucknow Super Giants,126.0,108.0,Defended,Yes
1359518,2023-05-02,2023,"Narendra Modi Stadium, Ahmedabad",Ahmedabad,Unknown,Delhi Capitals,bat,Delhi Capitals,Mohammed Shami,5 runs,,,Delhi Capitals,Gujarat Titans,130.0,125.0,Defended,Yes
1359520,2023-05-03,2023,"Punjab Cricket Association IS Bindra Stadium, Mohali, Chandigarh",Chandigarh,Unknown,Mumbai Indians,field,Mumbai Indians,Ishan Kishan,6 wickets,,,Punjab Kings,Mumbai Indians,214.0,216.0,Chased,Yes
1359521,2023-05-04,2023,"Rajiv Gandhi International Stadium, Uppal, Hyderabad",Hyderabad,Unknown,Kolkata Knight Riders,bat,Kolkata Knight Riders,CV Varun,5 runs,,,Kolkata Knight Riders,Sunrisers Hyderabad,171.0,166.0,Defended,Yes
1359522,2023-05-05,2023,"Sawai Mansingh Stadium, Jaipur",Jaipur,Unknown,Rajasthan Royals,bat,Gujarat Titans,Rashid Khan,9 wickets,,,Rajasthan Royals,Gujarat Titans,118.0,119.0,Chased,No
1359523,2023-05-06,2023,"MA Chidambaram Stadium, Chepauk, Chennai",Chennai,Unknown,Chennai Super Kings,field,Chennai Super Kings,M Pathirana,6 wickets,,,Mumbai Indians,Chennai Super Kings,139.0,140.0,Chased,Yes
1359524,2023-05-06,2023,"Arun Jaitley Stadium, Delhi",Delhi,Unknown,Royal Challengers Bengaluru,bat,Delhi Capitals,PD Salt,7 wickets,,,Royal Challengers Bengaluru,Delhi Capitals,181.0,187.0,Chased,No
1359525,2023-05-07,2023,"Narendra Modi Stadium, Ahmedabad",Ahmedabad,Unknown,Lucknow Super Giants,field,Gujarat Titans,Shubman Gill,56 runs,,,Gujarat Titans,Lucknow Super Giants,227.0,171.0,Defended,No
1359526,2023-05-07,2023,"Sawai Mansingh Stadium, Jaipur",Jaipur,Unknown,Rajasthan Royals,bat,Sunrisers Hyderabad,GD Phillips,4 wickets,,,Rajasthan Royals,Sunrisers Hyderabad,214.0,217.0,Chased,No
1359527,2023-05-08,2023,"Eden Gardens, Kolkata",Kolkata,Unknown,Punjab Kings,bat,Kolkata Knight Riders,AD Russell,5 wickets,,,Punjab Kings,Kolkata Knight Riders,179.0,182.0,Chased,No
1359528,2023-05-09,2023,"Wankhede Stadium, Mumbai",Mumbai,Unknown,Mumbai Indians,field,Mumbai Indians,SA Yadav,6 wickets,,,Royal Challengers Bengaluru,Mumbai Indians,199.0,200.0,Chased,Yes
1359529,2023-05-10,2023,"MA Chidambaram Stadium, Chepauk, Chennai",Chennai,Unknown,Chennai Super Kings,bat,Chennai Super Kings,RA Jadeja,27 runs,,,Chennai Super Kings,Delhi Capitals,167.0,140.0,Defended,Yes
1359530,2023-05-11,2023,"Eden Gardens, Kolkata",Kolkata,Unknown,Rajasthan Royals,field,Rajasthan Royals,YBK Jaiswal,9 wickets,,,Kolkata Knight Riders,Rajasthan Royals,149.0,151.0,Chased,Yes
1359531,2023-05-12,2023,"Wankhede Stadium, Mumbai",Mumbai,Unknown,Gujarat Titans,field,Mumbai Indians,SA Yadav,27 runs,,,Mumbai Indians,Gujarat Titans,218.0,191.0,Defended,No
1359532,2023-05-13,2023,"Rajiv Gandhi International Stadium, Uppal, Hyderabad",Hyderabad,Unknown,Sunrisers Hyderabad,bat,Lucknow Super Giants,PN Mankad,7 wickets,,,Sunrisers Hyderabad,Lucknow Super Giants,182.0,185.0,Chased,No
1359533,2023-05-13,2023,"Arun Jaitley Stadium, Delhi",Delhi,Unknown,Delhi Capitals,field,Punjab Kings,P Simran Singh,31 runs,,,Punjab Kings,Delhi Capitals,167.0,136.0,Defended,No
1359534,2023-05-14,2023,"Sawai Mansingh Stadium, Jaipur",Jaipur,Unknown,Royal Challengers Bengaluru,bat,Royal Challengers Bengaluru,WD Parnell,112 runs,,,Royal Challengers Bengaluru,Rajasthan Royals,171.0,59.0,Defended,Yes
1359535,2023-05-14,2023,"MA Chidambaram Stadium, Chepauk, Chennai",Chennai,Unknown,Chennai Super Kings,bat,Kolkata Knight Riders,RK Singh,6 wickets,,,Chennai Super Kings,Kolkata Knight Riders,144.0,147.0,Chased,No
1359536,2023-05-15,2023,"Narendra Modi Stadium, Ahmedabad",Ahmedabad,Unknown,Sunrisers Hyderabad,field,Gujarat Titans,Shubman Gill,34 runs,,,Gujarat Titans,Sunrisers Hyderabad,188.0,154.0,Defended,No
1359537,2023-05-16,2023,"Bharat Ratna Shri Atal Bihari Vajpayee Ekana Cricket Stadium, Lucknow",Lucknow,Unknown,Mumbai Indians,field,Lucknow Super Giants,MP Stoinis,5 runs,,,Lucknow Super Giants,Mumbai Indians,177.0,172.0,Defended,No
1359538,2023-05-17,2023,"Himachal Pradesh Cricket Association Stadium, Dharamsala",Dharamsala,Unknown,Punjab Kings,field,Delhi Capitals,RR Rossouw,15 runs,,,Delhi Capitals,Punjab Kings,213.0,198.0,Defended,No
1359539,2023-05-18,2023,"Rajiv Gandhi International Stadium, Uppal, Hyderabad",Hyderabad,Unknown,Royal Challengers Bengaluru,field,Royal Challengers Bengaluru,V Kohli,8 wickets,,,Sunrisers Hyderabad,Royal Challengers Bengaluru,186.0,187.0,Chased,Yes
1359540,2023-05-19,2023,"Himachal Pradesh Cricket Association Stadium, Dharamsala",Dharamsala,Unknown,Rajasthan Royals,field,Rajasthan Royals,D Padikkal,4 wickets,,,Punjab Kings,Rajasthan Royals,187.0,189.0,Chased,Yes
1359541,2023-05-20,2023,"Arun Jaitley Stadium, Delhi",Delhi,Unknown,Chennai Super Kings,bat,Chennai Super Kings,RD Gaikwad,77 runs,,,Chennai Super Kings,Delhi Capitals,223.0,146.0,Defended,Yes
1359542,2023-05-20,2023,"Eden Gardens, Kolkata",Kolkata,Unknown,Kolkata Knight Riders,field,Lucknow Super Giants,N Pooran,1 runs,,,Lucknow Super Giants,Kolkata Knight Riders,176.0,175.0,Defended,No
1359543,2023-05-21,2023,"Wankhede Stadium, Mumbai",Mumbai,Unknown,Mumbai Indians,field,Mumbai Indians,C Green,8 wickets,,,Sunrisers Hyderabad,Mumbai Indians,200.0,201.0,Chased,Yes
1359544,2023-05-21,2023,"M Chinnaswamy Stadium, Bengaluru",Bengaluru,Unknown,Gujarat Titans,field,Gujarat Titans,Shubman Gill,6 wickets,,,Royal Challengers Bengaluru,Gujarat Titans,197.0,198.0,Chased,Yes
1370350,2023-05-23,2023,"MA Chidambaram Stadium, Chepauk, Chennai",Chennai,Qualifier 1,Gujarat Titans,field,Chennai Super Kings,RD Gaikwad,15 runs,,,Chennai Super Kings,Gujarat Titans,172.0,157.0,Defended,No
1370351,2023-05-24,2023,"MA Chidambaram Stadium, Chepauk, Chennai",Chennai,Eliminator,Mumbai Indians,bat,Mumbai Indians,Akash Madhwal,81 runs,,,Mumbai Indians,Lucknow Super Giants,182.0,101.0,Defended,Yes
1370352,2023-05-26,2023,"Narendra Modi Stadium, Ahmedabad",Ahmedabad,Qualifier 2,Mumbai Indians,field,Gujarat Titans,Shubman Gill,62 runs,,,Gujarat Titans,Mumbai Indians,233.0,171.0,Defended,No
1370353,2023-05-29,2023,"Narendra Modi Stadium, Ahmedabad",Ahmedabad,Final,Chennai Super Kings,field,Chennai Super Kings,DP Conway,5 wickets,,D/L,Gujarat Titans,Chennai Super Kings,214.0,171.0,Defended,Yes
1422119,2024-03-22,2024,"MA Chidambaram Stadium, Chepauk, Chennai",Chennai,Unknown,Royal Challengers Bengaluru,bat,Chennai Super Kings,Mustafizur Rahman,6 wickets,,,Royal Challengers Bengaluru,Chennai Super Kings,173.0,176.0,Chased,No
1422120,2024-03-23,2024,"Maharaja Yadavindra Singh International Cricket Stadium, New Chandigarh",Mohali,Unknown,Punjab Kings,field,Punjab Kings,SM Curran,4 wickets,,,Delhi Capitals,Punjab Kings,174.0,177.0,Chased,Yes
1422121,2024-03-23,2024,"Eden Gardens, Kolkata",Kolkata,Unknown,Sunrisers Hyderabad,field,Kolkata Knight Riders,AD Russell,4 runs,,,Kolkata Knight Riders,Sunrisers Hyderabad,208.0,204.0,Defended,No
1422122,2024-03-24,2024,"Sawai Mansingh Stadium, Jaipur",Jaipur,Unknown,Rajasthan Royals,bat,Rajasthan Royals,SV Samson,20 runs,,,Rajasthan Royals,Lucknow Super Giants,193.0,173.0,Defended,Yes
1422123,2024-03-24,2024,"Narendra Modi Stadium, Ahmedabad",Ahmedabad,Unknown,Mumbai Indians,field,Gujarat Titans,B Sai Sudharsan,6 runs,,,Gujarat Titans,Mumbai Indians,168.0,162.0,Defended,No
1422124,2024-03-25,2024,"M Chinnaswamy Stadium, Bengaluru",Bengaluru,Unknown,Royal Challengers Bengaluru,field,Royal Challengers Bengaluru,V Kohli,4 wickets,,,Punjab Kings,Royal Challengers Bengaluru,176.0,178.0,Chased,Yes
1422125,2024-03-26,2024,"MA Chidambaram Stadium, Chepauk, Chennai",Chennai,Unknown,Gujarat Titans,field,Chennai Super Kings,S Dube,63 runs,,,Chennai Super Kings,Gujarat Titans,206.0,143.0,Defended,No
1422126,2024-03-27,2024,"Rajiv Gandhi International Stadium, Uppal, Hyderabad",Hyderabad,Unknown,Mumbai Indians,field,Sunrisers Hyderabad,Abhishek Sharma,31 runs,,,Sunrisers Hyderabad,Mumbai Indians,277.0,246.0,Defended,No
1422127,2024-03-28,2024,"Sawai Mansingh Stadium, Jaipur",Jaipur,Unknown,Delhi Capitals,field,Rajasthan Royals,R Parag,12 runs,,,Rajasthan Royals,Delhi Capitals,185.0,173.0,Defended,No
1422128,2024-03-29,2024,"M Chinnaswamy Stadium, Bengaluru",Bengaluru,Unknown,Kolkata Knight Riders,field,Kolkata Knight Riders,SP Narine,7 wickets,,,Royal Challengers Bengaluru,Kolkata Knight Riders,182.0,186.0,Chased,Yes
1422129,2024-03-30,2024,"Bharat Ratna Shri Atal Bihari Vajpayee Ekana Cricket Stadium, Lucknow",Lucknow,Unknown,Lucknow Super Giants,bat,Lucknow Super Giants,MP Yadav,21 runs,,,Lucknow Super Giants,Punjab Kings,199.0,178.0,Defended,Yes
1422130,2024-03-31,2024,"Narendra Modi Stadium, Ahmedabad",Ahmedabad,Unknown,Sunrisers Hyderabad,bat,Gujarat Titans,MM Sharma,7 wickets,,,Sunrisers Hyderabad,Gujarat Titans,162.0,168.0,Chased,No
1422131,2024-03-31,2024,"Dr. Y.S. Rajasekhara Reddy ACA-VDCA Cricket Stadium, Visakhapatnam",Visakhapatnam,Unknown,Delhi Capitals,bat,Delhi Capitals,KK Ahmed,20 runs,,,Delhi Capitals,Chennai Super Kings,191.0,171.0,Defended,Yes
1422132,2024-04-01,2024,"Wankhede Stadium, Mumbai",Mumbai,Unknown,Rajasthan Royals,field,Rajasthan Royals,TA Boult,6 wickets,,,Mumbai Indians,Rajasthan Royals,125.0,127.0,Chased,Yes
1422133,2024-04-02,2024,"M Chinnaswamy Stadium, Bengaluru",Bengaluru,Unknown,Royal Challengers Bengaluru,field,Lucknow Super Giants,MP Yadav,28 runs,,,Lucknow Super Giants,Royal Challengers Bengaluru,181.0,153.0,Defended,No
1422134,2024-04-03,2024,"Dr. Y.S. Rajasekhara Reddy ACA-VDCA Cricket Stadium, Visakhapatnam",Visakhapatnam,Unknown,Kolkata Knight Riders,bat,Kolkata Knight Riders,SP Narine,106 runs,,,Kolkata Knight Riders,Delhi Capitals,272.0,166.0,Defended,Yes
1422135,2024-04-04,2024,"Narendra Modi Stadium, Ahmedabad",Ahmedabad,Unknown,Punjab Kings,field,Punjab Kings,Shashank Singh,3 wickets,,,Gujarat Titans,Punjab Kings,199.0,200.0,Chased,Yes
1422136,2024-04-05,2024,"Rajiv Gandhi International Stadium, Uppal, Hyderabad",Hyderabad,Unknown,Sunrisers Hyderabad,field,Sunrisers Hyderabad,Abhishek Sharma,6 wickets,,,Chennai Super Kings,Sunrisers Hyderabad,165.0,166.0,Chased,Yes
1422137,2024-04-06,2024,"Sawai Mansingh Stadium, Jaipur",Jaipur,Unknown,Rajasthan Royals,field,Rajasthan Royals,JC Buttler,6 wickets,,,Royal Challengers Bengaluru,Rajasthan Royals,183.0,189.0,Chased,Yes
1422138,2024-04-07,2024,"Wankhede Stadium, Mumbai",Mumbai,Unknown,Delhi Capitals,field,Mumbai Indians,R Shepherd,29 runs,,,Mumbai Indians,Delhi Capitals,234.0,205.0,Defended,No
1422139,2024-04-07,2024,"Bharat Ratna Shri Atal Bihari Vajpayee Ekana Cricket Stadium, Lucknow",Lucknow,Unknown,Lucknow Super Giants,bat,Lucknow Super Giants,Yash Thakur,33 runs,,,Lucknow Super Giants,Gujarat Titans,163.0,130.0,Defended,Yes
1426260,2024-04-08,2024,"MA Chidambaram Stadium, Chepauk, Chennai",Chennai,Unknown,Chennai Super Kings,field,Chennai Super Kings,RA Jadeja,7 wickets,,,Kolkata Knight Riders,Chennai Super Kings,137.0,141.0,Chased,Yes
1426261,2024-04-09,2024,"Maharaja Yadavindra Singh International Cricket Stadium, New Chandigarh",Mohali,Unknown,Punjab Kings,field,Sunrisers Hyderabad,Nithish Kumar Reddy,2 runs,,,Sunrisers Hyderabad,Punjab Kings,182.0,180.0,Defended,No
1426262,2024-04-10,2024,"Sawai Mansingh Stadium, Jaipur",Jaipur,Unknown,Gujarat Titans,field,Gujarat Titans,Rashid Khan,3 wickets,,,Rajasthan Royals,Gujarat Titans,196.0,199.0,Chased,Yes
1426263,2024-04-11,2024,"Wankhede Stadium, Mumbai",Mumbai,Unknown,Mumbai Indians,field,Mumbai Indians,JJ Bumrah,7 wickets,,,Royal Challengers Bengaluru,Mumbai Indians,196.0,199.0,Chased,Yes
1426264,2024-04-12,2024,"Bharat Ratna Shri Atal Bihari Vajpayee Ekana Cricket Stadium, Lucknow",Lucknow,Unknown,Lucknow Super Giants,bat,Delhi Capitals,Kuldeep Yadav,6 wickets,,,Lucknow Super Giants,Delhi Capitals,167.0,170.0,Chased,No
1426265,2024-04-13,2024,"Maharaja Yadavindra Singh International Cricket Stadium, New Chandigarh",Mohali,Unknown,Rajasthan Royals,field,Rajasthan Royals,SO Hetmyer,3 wickets,,,Punjab Kings,Rajasthan Royals,147.0,152.0,Chased,Yes
1426266,2024-04-14,2024,"Eden Gardens, Kolkata",Kolkata,Unknown,Kolkata Knight Riders,field,Kolkata Knight Riders,PD Salt,8 wickets,,,Lucknow Super Giants,Kolkata Knight Riders,161.0,162.0,Chased,Yes
1426267,2024-04-14,2024,"Wankhede Stadium, Mumbai",Mumbai,Unknown,Mumbai Indians,field,Chennai Super Kings,M Pathirana,20 runs,,,Chennai Super Kings,Mumbai Indians,206.0,186.0,Defended,No
1426268,2024-04-15,2024,"M Chinnaswamy Stadium, Bengaluru",Bengaluru,Unknown,Royal Challengers Bengaluru,field,Sunrisers Hyderabad,TM Head,25 runs,,,Sunrisers Hyderabad,Royal Challengers Bengaluru,287.0,262.0,Defended,No
1426269,2024-04-16,2024,"Eden Gardens, Kolkata",Kolkata,Unknown,Rajasthan Royals,field,Rajasthan Royals,JC Buttler,2 wickets,,,Kolkata Knight Riders,Rajasthan Royals,223.0,224.0,Chased,Yes
1426270,2024-04-17,2024,"Narendra Modi Stadium, Ahmedabad",Ahmedabad,Unknown,Delhi Capitals,field,Delhi Capitals,RR Pant,6 wickets,,,Gujarat Titans,Delhi Capitals,89.0,92.0,Chased,Yes
1426271,2024-04-18,2024,"Maharaja Yadavindra Singh International Cricket Stadium, New Chandigarh",Mohali,Unknown,Punjab Kings,field,Mumbai Indians,JJ Bumrah,9 runs,,,Mumbai Indians,Punjab Kings,192.0,183.0,Defended,No
1426272,2024-04-19,2024,"Bharat Ratna Shri Atal Bihari Vajpayee Ekana Cricket Stadium, Lucknow",Lucknow,Unknown,Lucknow Super Giants,field,Lucknow Super Giants,KL Rahul,8 wickets,,,Chennai Super Kings,Lucknow Super Giants,176.0,180.0,Chased,Yes
1426273,2024-04-20,2024,"Arun Jaitley Stadium, Delhi",Delhi,Unknown,Delhi Capitals,field,Sunrisers Hyderabad,TM Head,67 runs,,,Sunrisers Hyderabad,Delhi Capitals,266.0,199.0,Defended,No
1426274,2024-04-21,2024,"Eden Gardens, Kolkata",Kolkata,Unknown,Royal Challengers Bengaluru,field,Kolkata Knight Riders,AD Russell,1 runs,,,Kolkata Knight Riders,Royal Challengers Bengaluru,222.0,221.0,Defended,No
1426275,2024-04-21,2024,"Maharaja Yadavindra Singh International Cricket Stadium, New Chandigarh",Mohali,Unknown,Punjab Kings,bat,Gujarat Titans,R Sai Kishore,3 wickets,,,Punjab Kings,Gujarat Titans,142.0,146.0,Chased,No
1426276,2024-04-22,2024,"Sawai Mansingh Stadium, Jaipur",Jaipur,Unknown,Mumbai Indians,bat,Rajasthan Royals,Sandeep Sharma,9 wickets,,,Mumbai Indians,Rajasthan Royals,179.0,183.0,Chased,No
1426277,2024-04-23,2024,"MA Chidambaram Stadium, Chepauk, Chennai",Chennai,Unknown,Lucknow Super Giants,field,Lucknow Super Giants,MP Stoinis,6 wickets,,,Chennai Super Kings,Lucknow Super Giants,210.0,213.0,Chased,Yes
1426278,2024-04-24,2024,"Arun Jaitley Stadium, Delhi",Delhi,Unknown,Gujarat Titans,field,Delhi Capitals,RR Pant,4 runs,,,Delhi Capitals,Gujarat Titans,224.0,220.0,Defended,No
1426279,2024-04-25,2024,"Rajiv Gandhi International Stadium, Uppal, Hyderabad",Hyderabad,Unknown,Royal Challengers Bengaluru,bat,Royal Challengers Bengaluru,RM Patidar,35 runs,,,Royal Challengers Bengaluru,Sunrisers Hyderabad,206.0,171.0,Defended,Yes
1426280,2024-04-26,2024,"Eden Gardens, Kolkata",Kolkata,Unknown,Punjab Kings,field,Punjab Kings,JM Bairstow,8 wickets,,,Kolkata Knight Riders,Punjab Kings,261.0,262.0,Chased,Yes
1426281,2024-04-27,2024,"Arun Jaitley Stadium, Delhi",Delhi,Unknown,Mumbai Indians,field,Delhi Capitals,J Fraser-McGurk,10 runs,,,Delhi Capitals,Mumbai Indians,257.0,247.0,Defended,No
1426282,2024-04-27,2024,"Bharat Ratna Shri Atal Bihari Vajpayee Ekana Cricket Stadium, Lucknow",Lucknow,Unknown,Rajasthan Royals,field,Rajasthan Royals,SV Samson,7 wickets,,,Lucknow Super Giants,Rajasthan Royals,196.0,199.0,Chased,Yes
1426283,2024-04-28,2024,"Narendra Modi Stadium, Ahmedabad",Ahmedabad,Unknown,Royal Challengers Bengaluru,field,Royal Challengers Bengaluru,WG Jacks,9 wickets,,,Gujarat Titans,Royal Challengers Bengaluru,200.0,206.0,Chased,Yes
1426284,2024-04-28,2024,"MA Chidambaram Stadium, Chepauk, Chennai",Chennai,Unknown,Sunrisers Hyderabad,field,Chennai Super Kings,RD Gaikwad,78 runs,,,Chennai Super Kings,Sunrisers Hyderabad,212.0,134.0,Defended,No
1426285,2024-04-29,2024,"Eden Gardens, Kolkata",Kolkata,Unknown,Delhi Capitals,bat,Kolkata Knight Riders,CV Varun,7 wickets,,,Delhi Capitals,Kolkata Knight Riders,153.0,157.0,Chased,No
1426286,2024-04-30,2024,"Bharat Ratna Shri Atal Bihari Vajpayee Ekana Cricket Stadium, Lucknow",Lucknow,Unknown,Lucknow Super Giants,field,Lucknow Super Giants,MP Stoinis,4 wickets,,,Mumbai Indians,Lucknow Super Giants,144.0,145.0,Chased,Yes
1426287,2024-05-01,2024,"MA Chidambaram Stadium, Chepauk, Chennai",Chennai,Unknown,Punjab Kings,field,Punjab Kings,Harpreet Brar,7 wickets,,,Chennai Super Kings,Punjab Kings,162.0,163.0,Chased,Yes
1426288,2024-05-02,2024,"Rajiv Gandhi International Stadium, Uppal, Hyderabad",Hyderabad,Unknown,Sunrisers Hyderabad,bat,Sunrisers Hyderabad,B Kumar,1 runs,,,Sunrisers Hyderabad,Rajasthan Royals,201.0,200.0,Defended,Yes
1426289,2024-05-03,2024,"Wankhede Stadium, Mumbai",Mumbai,Unknown,Mumbai Indians,field,Kolkata Knight Riders,VR Iyer,24 runs,,,Kolkata Knight Riders,Mumbai Indians,169.0,145.0,Defended,No
1426290,2024-05-04,2024,"M Chinnaswamy Stadium, Bengaluru",Bengaluru,Unknown,Royal Challengers Bengaluru,field,Royal Challengers Bengaluru,Mohammed Siraj,4 wickets,,,Gujarat Titans,Royal Challengers Bengaluru,147.0,152.0,Chased,Yes
1426291,2024-05-05,2024,"Himachal Pradesh Cricket Association Stadium, Dharamsala",Dharamsala,Unknown,Punjab Kings,field,Chennai Super Kings,RA Jadeja,28 runs,,,Chennai Super Kings,Punjab Kings,167.0,139.0,Defended,No
1426292,2024-05-05,2024,"Bharat Ratna Shri Atal Bihari Vajpayee Ekana Cricket Stadium, Lucknow",Lucknow,Unknown,Lucknow Super Giants,field,Kolkata Knight Riders,SP Narine,98 runs,,,Kolkata Knight Riders,Lucknow Super Giants,235.0,137.0,Defended,No
1426293,2024-05-06,2024,"Wankhede Stadium, Mumbai",Mumbai,Unknown,Mumbai Indians,field,Mumbai Indians,SA Yadav,7 wickets,,,Sunrisers Hyderabad,Mumbai Indians,173.0,174.0,Chased,Yes
1426294,2024-05-07,2024,"Arun Jaitley Stadium, Delhi",Delhi,Unknown,Rajasthan Royals,field,Delhi Capitals,Kuldeep Yadav,20 runs,,,Delhi Capitals,Rajasthan Royals,221.0,201.0,Defended,No
1426295,2024-05-08,2024,"Rajiv Gandhi International Stadium, Uppal, Hyderabad",Hyderabad,Unknown,Lucknow Super Giants,bat,Sunrisers Hyderabad,TM Head,10 wickets,,,Lucknow Super Giants,Sunrisers Hyderabad,165.0,167.0,Chased,No
1426296,2024-05-09,2024,"Himachal Pradesh Cricket Association Stadium, Dharamsala",Dharamsala,Unknown,Punjab Kings,field,Royal Challengers Bengaluru,V Kohli,60 runs,,,Royal Challengers Bengaluru,Punjab Kings,241.0,181.0,Defended,No
1426297,2024-05-10,2024,"Narendra Modi Stadium, Ahmedabad",Ahmedabad,Unknown,Chennai Super Kings,field,Gujarat Titans,Shubman Gill,35 runs,,,Gujarat Titans,Chennai Super Kings,231.0,196.0,Defended,No
1426298,2024-05-11,2024,"Eden Gardens, Kolkata",Kolkata,Unknown,Mumbai Indians,field,Kolkata Knight Riders,CV Varun,18 runs,,,Kolkata Knight Riders,Mumbai Indians,157.0,139.0,Defended,No
1426299,2024-05-12,2024,"MA Chidambaram Stadium, Chepauk, Chennai",Chennai,Unknown,Rajasthan Royals,bat,Chennai Super Kings,Simarjeet Singh,5 wickets,,,Rajasthan Royals,Chennai Super Kings,141.0,145.0,Chased,No
1426300,2024-05-12,2024,"M Chinnaswamy Stadium, Bengaluru",Bengaluru,Unknown,Delhi Capitals,field,Royal Challengers Bengaluru,C Green,47 runs,,,Royal Challengers Bengaluru,Delhi Capitals,187.0,140.0,Defended,No
1426302,2024-05-14,2024,"Arun Jaitley Stadium, Delhi",Delhi,Unknown,Lucknow Super Giants,field,Delhi Capitals,I Sharma,19 runs,,,Delhi Capitals,Lucknow Super Giants,208.0,189.0,Defended,No
1426303,2024-05-15,2024,"Barsapara Cricket Stadium, Guwahati",Guwahati,Unknown,Rajasthan Royals,bat,Punjab Kings,SM Curran,5 wickets,,,Rajasthan Royals,Punjab Kings,144.0,145.0,Chased,No
1426305,2024-05-17,2024,"Wankhede Stadium, Mumbai",Mumbai,Unknown,Mumbai Indians,field,Lucknow Super Giants,N Pooran,18 runs,,,Lucknow Super Giants,Mumbai Indians,214.0,196.0,Defended,No
1426306,2024-05-18,2024,"M Chinnaswamy Stadium, Bengaluru",Bengaluru,Unknown,Chennai Super Kings,field,Royal Challengers Bengaluru,F du Plessis,27 runs,,,Royal Challengers Bengaluru,Chennai Super Kings,218.0,191.0,Defended,No
1426307,2024-05-19,2024,"Rajiv Gandhi International Stadium, Uppal, Hyderabad",Hyderabad,Unknown,Punjab Kings,bat,Sunrisers Hyderabad,Abhishek Sharma,4 wickets,,,Punjab Kings,Sunrisers Hyderabad,214.0,215.0,Chased,No
1426309,2024-05-21,2024,"Narendra Modi Stadium, Ahmedabad",Ahmedabad,Qualifier 1,Sunrisers Hyderabad,bat,Kolkata Knight Riders,MA Starc,8 wickets,,,Sunrisers Hyderabad,Kolkata Knight Riders,159.0,164.0,Chased,No
1426310,2024-05-22,2024,"Narendra Modi Stadium, Ahmedabad",Ahmedabad,Eliminator,Rajasthan Royals,field,Rajasthan Royals,R Ashwin,4 wickets,,,Royal Challengers Bengaluru,Rajasthan Royals,172.0,174.0,Chased,Yes
1426311,2024-05-24,2024,"MA Chidambaram Stadium, Chepauk, Chennai",Chennai,Qualifier 2,Rajasthan Royals,field,Sunrisers Hyderabad,Shahbaz Ahmed,36 runs,,,Sunrisers Hyderabad,Rajasthan Royals,175.0,139.0,Defended,No
1426312,2024-05-26,2024,"MA Chidambaram Stadium, Chepauk, Chennai",Chennai,Final,Sunrisers Hyderabad,bat,Kolkata Knight Riders,MA Starc,8 wickets,,,Sunrisers Hyderabad,Kolkata Knight Riders,113.0,114.0,Chased,No
1473438,2025-03-22,2025,"Eden Gardens, Kolkata",Kolkata,Unknown,Royal Challengers Bengaluru,field,Royal Challengers Bengaluru,KH Pandya,7 wickets,,,Kolkata Knight Riders,Royal Challengers Bengaluru,174.0,177.0,Chased,Yes
1473439,2025-03-23,2025,"Rajiv Gandhi International Stadium, Uppal, Hyderabad",Hyderabad,Unknown,Rajasthan Royals,field,Sunrisers Hyderabad,Ishan Kishan,44 runs,,,Sunrisers Hyderabad,Rajasthan Royals,286.0,242.0,Defended,No
1473440,2025-03-23,2025,"MA Chidambaram Stadium, Chepauk, Chennai",Chennai,Unknown,Chennai Super Kings,field,Chennai Super Kings,Noor Ahmad,4 wickets,,,Mumbai Indians,Chennai Super Kings,155.0,158.0,Chased,Yes
1473441,2025-03-24,2025,"Dr. Y.S. Rajasekhara Reddy ACA-VDCA Cricket Stadium, Visakhapatnam",Visakhapatnam,Unknown,Delhi Capitals,field,Delhi Capitals,Ashutosh Sharma,1 wickets,,,Lucknow Super Giants,Delhi Capitals,209.0,211.0,Chased,Yes
1473442,2025-03-25,2025,"Narendra Modi Stadium, Ahmedabad",Ahmedabad,Unknown,Gujarat Titans,field,Punjab Kings,SS Iyer,11 runs,,,Punjab Kings,Gujarat Titans,243.0,232.0,Defended,No
1473443,2025-03-26,2025,"Barsapara Cricket Stadium, Guwahati",Guwahati,Unknown,Kolkata Knight Riders,field,Kolkata Knight Riders,Q de Kock,8 wickets,,,Rajasthan Royals,Kolkata Knight Riders,151.0,153.0,Chased,Yes
1473444,2025-03-27,2025,"Rajiv Gandhi International Stadium, Uppal, Hyderabad",Hyderabad,Unknown,Lucknow Super Giants,field,Lucknow Super Giants,SN Thakur,5 wickets,,,Sunrisers Hyderabad,Lucknow Super Giants,190.0,193.0,Chased,Yes
1473445,2025-03-28,2025,"MA Chidambaram Stadium, Chepauk, Chennai",Chennai,Unknown,Chennai Super Kings,field,Royal Challengers Bengaluru,RM Patidar,50 runs,,,Royal Challengers Bengaluru,Chennai Super Kings,196.0,146.0,Defended,No
1473446,2025-03-29,2025,"Narendra Modi Stadium, Ahmedabad",Ahmedabad,Unknown,Mumbai Indians,field,Gujarat Titans,M Prasidh Krishna,36 runs,,,Gujarat Titans,Mumbai Indians,196.0,160.0,Defended,No
1473447,2025-03-30,2025,"Dr. Y.S. Rajasekhara Reddy ACA-VDCA Cricket Stadium, Visakhapatnam",Visakhapatnam,Unknown,Sunrisers Hyderabad,bat,Delhi Capitals,MA Starc,7 wickets,,,Sunrisers Hyderabad,Delhi Capitals,163.0,166.0,Chased,No
1473448,2025-03-30,2025,"Barsapara Cricket Stadium, Guwahati",Guwahati,Unknown,Chennai Super Kings,field,Rajasthan Royals,N Rana,6 runs,,,Rajasthan Royals,Chennai Super Kings,182.0,176.0,Defended,No
1473449,2025-03-31,2025,"Wankhede Stadium, Mumbai",Mumbai,Unknown,Mumbai Indians,field,Mumbai Indians,Ashwani Kumar,8 wickets,,,Kolkata Knight Riders,Mumbai Indians,116.0,121.0,Chased,Yes
1473450,2025-04-01,2025,"Bharat Ratna Shri Atal Bihari Vajpayee Ekana Cricket Stadium, Lucknow",Lucknow,Unknown,Punjab Kings,field,Punjab Kings,P Simran Singh,8 wickets,,,Lucknow Super Giants,Punjab Kings,171.0,177.0,Chased,Yes
1473451,2025-04-02,2025,"M Chinnaswamy Stadium, Bengaluru",Bengaluru,Unknown,Gujarat Titans,field,Gujarat Titans,Mohammed Siraj,8 wickets,,,Royal Challengers Bengaluru,Gujarat Titans,169.0,170.0,Chased,Yes
1473452,2025-04-03,2025,"Eden Gardens, Kolkata",Kolkata,Unknown,Sunrisers Hyderabad,field,Kolkata Knight Riders,VG Arora,80 runs,,,Kolkata Knight Riders,Sunrisers Hyderabad,200.0,120.0,Defended,No
1473453,2025-04-04,2025,"Bharat Ratna Shri Atal Bihari Vajpayee Ekana Cricket Stadium, Lucknow",Lucknow,Unknown,Mumbai Indians,field,Lucknow Super Giants,DS Rathi,12 runs,,,Lucknow Super Giants,Mumbai Indians,203.0,191.0,Defended,No
1473454,2025-04-05,2025,"MA Chidambaram Stadium, Chepauk, Chennai",Chennai,Unknown,Delhi Capitals,bat,Delhi Capitals,KL Rahul,25 runs,,,Delhi Capitals,Chennai Super Kings,183.0,158.0,Defended,Yes
1473455,2025-04-05,2025,"Maharaja Yadavindra Singh International Cricket Stadium, New Chandigarh",Mohali,Unknown,Punjab Kings,field,Rajasthan Royals,JC Archer,50 runs,,,Rajasthan Royals,Punjab Kings,205.0,155.0,Defended,No
1473457,2025-04-06,2025,"Rajiv Gandhi International Stadium, Uppal, Hyderabad",Hyderabad,Unknown,Gujarat Titans,field,Gujarat Titans,Mohammed Siraj,7 wickets,,,Sunrisers Hyderabad,Gujarat Titans,152.0,153.0,Chased,Yes
1473458,2025-04-07,2025,"Wankhede Stadium, Mumbai",Mumbai,Unknown,Mumbai Indians,field,Royal Challengers Bengaluru,RM Patidar,12 runs,,,Royal Challengers Bengaluru,Mumbai Indians,221.0,209.0,Defended,No
1473456,2025-04-08,2025,"Eden Gardens, Kolkata",Kolkata,Unknown,Kolkata Knight Riders,field,Lucknow Super Giants,N Pooran,4 runs,,,Lucknow Super Giants,Kolkata Knight Riders,238.0,234.0,Defended,No
1473459,2025-04-08,2025,"Maharaja Yadavindra Singh International Cricket Stadium, New Chandigarh",Mohali,Unknown,Punjab Kings,bat,Punjab Kings,Priyansh Arya,18 runs,,,Punjab Kings,Chennai Super Kings,219.0,201.0,Defended,Yes
1473460,2025-04-09,2025,"Narendra Modi Stadium, Ahmedabad",Ahmedabad,Unknown,Rajasthan Royals,field,Gujarat Titans,B Sai Sudharsan,58 runs,,,Gujarat Titans,Rajasthan Royals,217.0,159.0,Defended,No
1473461,2025-04-10,2025,"M Chinnaswamy Stadium, Bengaluru",Bengaluru,Unknown,Delhi Capitals,field,Delhi Capitals,KL Rahul,6 wickets,,,Royal Challengers Bengaluru,Delhi Capitals,163.0,169.0,Chased,Yes
1473462,2025-04-11,2025,"MA Chidambaram Stadium, Chepauk, Chennai",Chennai,Unknown,Kolkata Knight Riders,field,Kolkata Knight Riders,SP Narine,8 wickets,,,Chennai Super Kings,Kolkata Knight Riders,103.0,107.0,Chased,Yes
1473463,2025-04-12,2025,"Bharat Ratna Shri Atal Bihari Vajpayee Ekana Cricket Stadium, Lucknow",Lucknow,Unknown,Lucknow Super Giants,field,Lucknow Super Giants,AK Markram,6 wickets,,,Gujarat Titans,Lucknow Super Giants,180.0,186.0,Chased,Yes
1473464,2025-04-12,2025,"Rajiv Gandhi International Stadium, Uppal, Hyderabad",Hyderabad,Unknown,Punjab Kings,bat,Sunrisers Hyderabad,Abhishek Sharma,8 wickets,,,Punjab Kings,Sunrisers Hyderabad,245.0,247.0,Chased,No
1473465,2025-04-13,2025,"Sawai Mansingh Stadium, Jaipur",Jaipur,Unknown,Royal Challengers Bengaluru,field,Royal Challengers Bengaluru,PD Salt,9 wickets,,,Rajasthan Royals,Royal Challengers Bengaluru,173.0,175.0,Chased,Yes
1473466,2025-04-13,2025,"Arun Jaitley Stadium, Delhi",Delhi,Unknown,Delhi Capitals,field,Mumbai Indians,KV Sharma,12 runs,,,Mumbai Indians,Delhi Capitals,205.0,193.0,Defended,No
1473467,2025-04-14,2025,"Bharat Ratna Shri Atal Bihari Vajpayee Ekana Cricket Stadium, Lucknow",Lucknow,Unknown,Chennai Super Kings,field,Chennai Super Kings,MS Dhoni,5 wickets,,,Lucknow Super Giants,Chennai Super Kings,166.0,168.0,Chased,Yes
1473468,2025-04-15,2025,"Maharaja Yadavindra Singh International Cricket Stadium, New Chandigarh",Mohali,Unknown,Punjab Kings,bat,Punjab Kings,YS Chahal,16 runs,,,Punjab Kings,Kolkata Knight Riders,111.0,95.0,Defended,Yes
1473469,2025-04-16,2025,"Arun Jaitley Stadium, Delhi",Delhi,Unknown,Rajasthan Royals,field,Unknown,MA Starc,,tie,,Delhi Capitals,Rajasthan Royals,188.0,188.0,Defended,No
1473470,2025-04-17,2025,"Wankhede Stadium, Mumbai",Mumbai,Unknown,Mumbai Indians,field,Mumbai Indians,WG Jacks,4 wickets,,,Sunrisers Hyderabad,Mumbai Indians,162.0,166.0,Chased,Yes
1473471,2025-04-18,2025,"M Chinnaswamy Stadium, Bengaluru",Bengaluru,Unknown,Punjab Kings,field,Punjab Kings,TH David,5 wickets,,,Royal Challengers Bengaluru,Punjab Kings,95.0,98.0,Chased,Yes
1473472,2025-04-19,2025,"Narendra Modi Stadium, Ahmedabad",Ahmedabad,Unknown,Gujarat Titans,field,Gujarat Titans,JC Buttler,7 wickets,,,Delhi Capitals,Gujarat Titans,203.0,204.0,Chased,Yes
1473473,2025-04-19,2025,"Sawai Mansingh Stadium, Jaipur",Jaipur,Unknown,Lucknow Super Giants,bat,Lucknow Super Giants,Avesh Khan,2 runs,,,Lucknow Super Giants,Rajasthan Royals,180.0,178.0,Defended,Yes
1473474,2025-04-20,2025,"Maharaja Yadavindra Singh International Cricket Stadium, New Chandigarh",Mohali,Unknown,Royal Challengers Bengaluru,field,Royal Challengers Bengaluru,V Kohli,7 wickets,,,Punjab Kings,Royal Challengers Bengaluru,157.0,159.0,Chased,Yes
1473475,2025-04-20,2025,"Wankhede Stadium, Mumbai",Mumbai,Unknown,Mumbai Indians,field,Mumbai Indians,RG Sharma,9 wickets,,,Chennai Super Kings,Mumbai Indians,176.0,177.0,Chased,Yes
1473476,2025-04-21,2025,"Eden Gardens, Kolkata",Kolkata,Unknown,Kolkata Knight Riders,field,Gujarat Titans,Shubman Gill,39 runs,,,Gujarat Titans,Kolkata Knight Riders,198.0,159.0,Defended,No
1473477,2025-04-22,2025,"Bharat Ratna Shri Atal Bihari Vajpayee Ekana Cricket Stadium, Lucknow",Lucknow,Unknown,Delhi Capitals,field,Delhi Capitals,Mukesh Kumar,8 wickets,,,Lucknow Super Giants,Delhi Capitals,159.0,161.0,Chased,Yes
1473478,2025-04-23,2025,"Rajiv Gandhi International Stadium, Uppal, Hyderabad",Hyderabad,Unknown,Mumbai Indians,field,Mumbai Indians,TA Boult,7 wickets,,,Sunrisers Hyderabad,Mumbai Indians,143.0,146.0,Chased,Yes
1473479,2025-04-24,2025,"M Chinnaswamy Stadium, Bengaluru",Bengaluru,Unknown,Rajasthan Royals,field,Royal Challengers Bengaluru,JR Hazlewood,11 runs,,,Royal Challengers Bengaluru,Rajasthan Royals,205.0,194.0,Defended,No
1473480,2025-04-25,2025,"MA Chidambaram Stadium, Chepauk, Chennai",Chennai,Unknown,Sunrisers Hyderabad,field,Sunrisers Hyderabad,HV Patel,5 wickets,,,Chennai Super Kings,Sunrisers Hyderabad,154.0,155.0,Chased,Yes
1473481,2025-04-26,2025,"Eden Gardens, Kolkata",Kolkata,Unknown,Punjab Kings,bat,Unknown,Unknown,,no result,,Punjab Kings,Kolkata Knight Riders,201.0,7.0,Defended,No
1473482,2025-04-27,2025,"Wankhede Stadium, Mumbai",Mumbai,Unknown,Lucknow Super Giants,field,Mumbai Indians,WG Jacks,54 runs,,,Mumbai Indians,Lucknow Super Giants,215.0,161.0,Defended,No
1473483,2025-04-27,2025,"Arun Jaitley Stadium, Delhi",Delhi,Unknown,Royal Challengers Bengaluru,field,Royal Challengers Bengaluru,KH Pandya,6 wickets,,,Delhi Capitals,Royal Challengers Bengaluru,162.0,165.0,Chased,Yes
1473484,2025-04-28,2025,"Sawai Mansingh Stadium, Jaipur",Jaipur,Unknown,Rajasthan Royals,field,Rajasthan Royals,V Suryavanshi,8 wickets,,,Gujarat Titans,Rajasthan Royals,209.0,212.0,Chased,Yes
1473485,2025-04-29,2025,"Arun Jaitley Stadium, Delhi",Delhi,Unknown,Delhi Capitals,field,Kolkata Knight Riders,SP Narine,14 runs,,,Kolkata Knight Riders,Delhi Capitals,204.0,190.0,Defended,No
1473486,2025-04-30,2025,"MA Chidambaram Stadium, Chepauk, Chennai",Chennai,Unknown,Punjab Kings,field,Punjab Kings,SS Iyer,4 wickets,,,Chennai Super Kings,Punjab Kings,190.0,194.0,Chased,Yes
1473487,2025-05-01,2025,"Sawai Mansingh Stadium, Jaipur",Jaipur,Unknown,Rajasthan Royals,field,Mumbai Indians,RD Rickelton,100 runs,,,Mumbai Indians,Rajasthan Royals,217.0,117.0,Defended,No
1473488,2025-05-02,2025,"Narendra Modi Stadium, Ahmedabad",Ahmedabad,Unknown,Sunrisers Hyderabad,field,Gujarat Titans,M Prasidh Krishna,38 runs,,,Gujarat Titans,Sunrisers Hyderabad,224.0,186.0,Defended,No
1473489,2025-05-03,2025,"M Chinnaswamy Stadium, Bengaluru",Bengaluru,Unknown,Chennai Super Kings,field,Royal Challengers Bengaluru,R Shepherd,2 runs,,,Royal Challengers Bengaluru,Chennai Super Kings,213.0,211.0,Defended,No
1473490,2025-05-04,2025,"Eden Gardens, Kolkata",Kolkata,Unknown,Kolkata Knight Riders,bat,Kolkata Knight Riders,AD Russell,1 runs,,,Kolkata Knight Riders,Rajasthan Royals,206.0,205.0,Defended,Yes
1473491,2025-05-04,2025,"Himachal Pradesh Cricket Association Stadium, Dharamsala",Dharamsala,Unknown,Lucknow Super Giants,field,Punjab Kings,P Simran Singh,37 runs,,,Punjab Kings,Lucknow Super Giants,236.0,199.0,Defended,No
1473493,2025-05-06,2025,"Wankhede Stadium, Mumbai",Mumbai,Unknown,Gujarat Titans,field,Gujarat Titans,Shubman Gill,3 wickets,,D/L,Mumbai Indians,Gujarat Titans,155.0,147.0,Defended,Yes
1473494,2025-05-07,2025,"Eden Gardens, Kolkata",Kolkata,Unknown,Kolkata Knight Riders,bat,Chennai Super Kings,Noor Ahmad,2 wickets,,,Kolkata Knight Riders,Chennai Super Kings,179.0,183.0,Chased,No
1473497,2025-05-18,2025,"Sawai Mansingh Stadium, Jaipur",Jaipur,Unknown,Punjab Kings,bat,Punjab Kings,Harpreet Brar,10 runs,,,Punjab Kings,Rajasthan Royals,219.0,209.0,Defended,Yes
1473498,2025-05-18,2025,"Arun Jaitley Stadium, Delhi",Delhi,Unknown,Gujarat Titans,field,Gujarat Titans,B Sai Sudharsan,10 wickets,,,Delhi Capitals,Gujarat Titans,199.0,205.0,Chased,Yes
1473499,2025-05-19,2025,"Bharat Ratna Shri Atal Bihari Vajpayee Ekana Cricket Stadium, Lucknow",Lucknow,Unknown,Sunrisers Hyderabad,field,Sunrisers Hyderabad,Abhishek Sharma,6 wickets,,,Lucknow Super Giants,Sunrisers Hyderabad,205.0,206.0,Chased,Yes
1473500,2025-05-20,2025,"Arun Jaitley Stadium, Delhi",Delhi,Unknown,Rajasthan Royals,field,Rajasthan Royals,Akash Madhwal,6 wickets,,,Chennai Super Kings,Rajasthan Royals,187.0,188.0,Chased,Yes
1473501,2025-05-21,2025,"Wankhede Stadium, Mumbai",Mumbai,Unknown,Delhi Capitals,field,Mumbai Indians,SA Yadav,59 runs,,,Mumbai Indians,Delhi Capitals,180.0,121.0,Defended,No
1473502,2025-05-22,2025,"Narendra Modi Stadium, Ahmedabad",Ahmedabad,Unknown,Gujarat Titans,field,Lucknow Super Giants,MR Marsh,33 runs,,,Lucknow Super Giants,Gujarat Titans,235.0,202.0,Defended,No
1473503,2025-05-23,2025,"Bharat Ratna Shri Atal Bihari Vajpayee Ekana Cricket Stadium, Lucknow",Lucknow,Unknown,Royal Challengers Bengaluru,field,Sunrisers Hyderabad,Ishan Kishan,42 runs,,,Sunrisers Hyderabad,Royal Challengers Bengaluru,231.0,189.0,Defended,No
1485779,2025-05-24,2025,"Sawai Mansingh Stadium, Jaipur",Jaipur,Unknown,Delhi Capitals,field,Delhi Capitals,Sameer Rizvi,6 wickets,,,Punjab Kings,Delhi Capitals,206.0,208.0,Chased,Yes
1473504,2025-05-25,2025,"Narendra Modi Stadium, Ahmedabad",Ahmedabad,Unknown,Chennai Super Kings,bat,Chennai Super Kings,D Brevis,83 runs,,,Chennai Super Kings,Gujarat Titans,230.0,147.0,Defended,Yes
1473505,2025-05-25,2025,"Arun Jaitley Stadium, Delhi",Delhi,Unknown,Sunrisers Hyderabad,bat,Sunrisers Hyderabad,H Klaasen,110 runs,,,Sunrisers Hyderabad,Kolkata Knight Riders,278.0,168.0,Defended,Yes
1473506,2025-05-26,2025,"Sawai Mansingh Stadium, Jaipur",Jaipur,Unknown,Punjab Kings,field,Punjab Kings,JP Inglis,7 wickets,,,Mumbai Indians,Punjab Kings,184.0,187.0,Chased,Yes
1473507,2025-05-27,2025,"Bharat Ratna Shri Atal Bihari Vajpayee Ekana Cricket Stadium, Lucknow",Lucknow,Unknown,Royal Challengers Bengaluru,field,Royal Challengers Bengaluru,JM Sharma,6 wickets,,,Lucknow Super Giants,Royal Challengers Bengaluru,227.0,230.0,Chased,Yes
1473508,2025-05-29,2025,"Maharaja Yadavindra Singh International Cricket Stadium, New Chandigarh",New Chandigarh,Qualifier 1,Royal Challengers Bengaluru,field,Royal Challengers Bengaluru,Suyash Sharma,8 wickets,,,Punjab Kings,Royal Challengers Bengaluru,101.0,106.0,Chased,Yes
1473509,2025-05-30,2025,"Maharaja Yadavindra Singh International Cricket Stadium, New Chandigarh",New Chandigarh,Eliminator,Mumbai Indians,bat,Mumbai Indians,RG Sharma,20 runs,,,Mumbai Indians,Gujarat Titans,228.0,208.0,Defended,Yes
1473510,2025-06-01,2025,"Narendra Modi Stadium, Ahmedabad",Ahmedabad,Qualifier 2,Punjab Kings,field,Punjab Kings,SS Iyer,5 wickets,,,Mumbai Indians,Punjab Kings,203.0,207.0,Chased,Yes
1473511,2025-06-03,2025,"Narendra Modi Stadium, Ahmedabad",Ahmedabad,Final,Punjab Kings,field,Royal Challengers Bengaluru,KH Pandya,6 runs,,,Royal Challengers Bengaluru,Punjab Kings,190.0,184.0,Defended,No
